<?xml version="1.0" encoding="UTF-8"?>
<!DOCTYPE plist PUBLIC "-//Apple//DTD PLIST 1.0//EN" "http://www.apple.com/DTDs/PropertyList-1.0.dtd">
<plist version="1.0">
<dict>
	<key>NSPrivacyCollectedDataTypes</key>
	<array>
		<dict>
			<key>NSPrivacyCollectedDataType</key>
			<string>NSPrivacyCollectedDataTypePreciseLocation</string>
			<key>NSPrivacyCollectedDataTypeLinked</key>
			<true/>
			<key>NSPrivacyCollectedDataTypeTracking</key>
			<false/>
			<key>NSPrivacyCollectedDataTypePurposes</key>
			<array>
				<string>NSPrivacyCollectedDataTypePurposeAppFunctionality</string>
			</array>
		</dict>
		<dict>
			<key>NSPrivacyCollectedDataType</key>
			<string>NSPrivacyCollectedDataTypePhotosorVideos</string>
			<key>NSPrivacyCollectedDataTypeLinked</key>
			<true/>
			<key>NSPrivacyCollectedDataTypeTracking</key>
			<false/>
			<key>NSPrivacyCollectedDataTypePurposes</key>
			<array>
				<string>NSPrivacyCollectedDataTypePurposeAppFunctionality</string>
			</array>
		</dict>
		<dict>
			<key>NSPrivacyCollectedDataType</key>
			<string>NSPrivacyCollectedDataTypePhoneNumber</string>
			<key>NSPrivacyCollectedDataTypeLinked</key>
			<true/>
			<key>NSPrivacyCollectedDataTypeTracking</key>
			<true/>
			<key>NSPrivacyCollectedDataTypePurposes</key>
			<array>
				<string>NSPrivacyCollectedDataTypePurposeThirdPartyAdvertising</string>
				<string>App Functionality
App Functionality
App Functionality</string>
			</array>
		</dict>
		<dict>
			<key>NSPrivacyCollectedDataType</key>
			<string>NSPrivacyCollectedDataTypeEmailAddress</string>
			<key>NSPrivacyCollectedDataTypeLinked</key>
			<true/>
			<key>NSPrivacyCollectedDataTypeTracking</key>
			<false/>
			<key>NSPrivacyCollectedDataTypePurposes</key>
			<array>
				<string>NSPrivacyCollectedDataTypePurposeAppFunctionality</string>
			</array>
		</dict>
		<dict>
			<key>NSPrivacyCollectedDataType</key>
			<string>NSPrivacyCollectedDataTypeName</string>
			<key>NSPrivacyCollectedDataTypeLinked</key>
			<true/>
			<key>NSPrivacyCollectedDataTypeTracking</key>
			<false/>
			<key>NSPrivacyCollectedDataTypePurposes</key>
			<array>
				<string>NSPrivacyCollectedDataTypePurposeAppFunctionality</string>
			</array>
		</dict>
	</array>
	<key>NSPrivacyAccessedAPITypes</key>
	<array>
		<dict>
			<key>NSPrivacyAccessedAPIType</key>
			<string>NSPrivacyAccessedAPICategoryUserDefaults</string>
			<key>NSPrivacyAccessedAPITypeReasons</key>
			<array>
				<string>C56D.1</string>
			</array>
		</dict>
		<dict>
			<key>NSPrivacyAccessedAPITypeReasons</key>
			<array>
				<string>CA92.1</string>
			</array>
			<key>NSPrivacyAccessedAPIType</key>
			<string>NSPrivacyAccessedAPICategoryUserDefaults</string>
		</dict>
	</array>
</dict>
</plist>
